seas,year,total,anom,seas_idx
DJF,1950,25.01,-1.32,0
JFM,1950,25.36,-1.2,1
FMA,1950,25.88,-1.12,2
MAM,1950,26.24,-1.08,3
AMJ,1950,26.35,-1.1,4
MJJ,1950,26.32,-0.9,5
JJA,1950,26.24,-0.62,6
JAS,1950,25.94,-0.57,7
ASO,1950,25.76,-0.56,8
SON,1950,25.6,-0.62,9
OND,1950,25.55,-0.66,10
NDJ,1950,25.41,-0.79,11
DJF,1951,25.67,-0.66,0
JFM,1951,26.2,-0.36,1
FMA,1951,26.96,-0.04,2
MAM,1951,27.48,0.16,3
AMJ,1951,27.72,0.27,4
MJJ,1951,27.72,0.5,5
JJA,1951,27.57,0.71,6
JAS,1951,27.41,0.9,7
ASO,1951,27.34,1.02,8
SON,1951,27.25,1.03,9
OND,1951,27.18,0.96,10
NDJ,1951,26.91,0.71,11
DJF,1952,26.86,0.52,0
JFM,1952,26.82,0.27,1
FMA,1952,27.33,0.33,2
MAM,1952,27.5,0.18,3
AMJ,1952,27.38,-0.07,4
MJJ,1952,26.78,-0.44,5
JJA,1952,26.41,-0.45,6
JAS,1952,26.31,-0.2,7
ASO,1952,26.35,0.03,8
SON,1952,26.26,0.04,9
OND,1952,26.11,-0.11,10
NDJ,1952,26.25,0.06,11
DJF,1953,26.58,0.25,0
JFM,1953,27.06,0.5,1
FMA,1953,27.48,0.48,2
MAM,1953,27.88,0.56,3
AMJ,1953,28.22,0.77,4
MJJ,1953,27.96,0.74,5
JJA,1953,27.49,0.63,6
JAS,1953,27.19,0.68,7
ASO,1953,26.91,0.59,8
SON,1953,27.0,0.78,9
OND,1953,26.74,0.52,10
NDJ,1953,26.76,0.56,11
DJF,1954,26.74,0.41,0
JFM,1954,26.91,0.35,1
FMA,1954,27.01,0.01,2
MAM,1954,27.04,-0.27,3
AMJ,1954,26.97,-0.48,4
MJJ,1954,26.74,-0.48,5
JJA,1954,26.18,-0.67,6
JAS,1954,25.68,-0.83,7
ASO,1954,25.58,-0.73,8
SON,1954,25.7,-0.52,9
OND,1954,25.82,-0.4,10
NDJ,1954,25.76,-0.44,11
DJF,1955,25.83,-0.5,0
JFM,1955,26.08,-0.48,1
FMA,1955,26.42,-0.58,2
MAM,1955,26.56,-0.76,3
AMJ,1955,26.67,-0.78,4
MJJ,1955,26.34,-0.88,5
JJA,1955,26.13,-0.72,6
JAS,1955,25.59,-0.92,7
ASO,1955,25.21,-1.11,8
SON,1955,24.78,-1.44,9
OND,1955,24.63,-1.59,10
NDJ,1955,24.73,-1.51,11
DJF,1956,25.2,-1.17,0
JFM,1956,25.82,-0.81,1
FMA,1956,26.47,-0.57,2
MAM,1956,26.84,-0.51,3
AMJ,1956,27.0,-0.49,4
MJJ,1956,26.81,-0.47,5
JJA,1956,26.37,-0.55,6
JAS,1956,26.02,-0.52,7
ASO,1956,25.9,-0.43,8
SON,1956,25.85,-0.39,9
OND,1956,25.87,-0.37,10
NDJ,1956,25.87,-0.39,11
DJF,1957,26.11,-0.27,0
JFM,1957,26.57,-0.06,1
FMA,1957,27.3,0.26,2
MAM,1957,27.99,0.63,3
AMJ,1957,28.21,0.72,4
MJJ,1957,28.09,0.82,5
JJA,1957,27.88,0.96,6
JAS,1957,27.57,1.03,7
ASO,1957,27.45,1.12,8
SON,1957,27.38,1.15,9
OND,1957,27.63,1.39,10
NDJ,1957,27.87,1.62,11
DJF,1958,28.07,1.69,0
JFM,1958,28.21,1.59,1
FMA,1958,28.21,1.17,2
MAM,1958,28.2,0.84,3
AMJ,1958,28.06,0.57,4
MJJ,1958,27.77,0.49,5
JJA,1958,27.36,0.43,6
JAS,1958,26.86,0.32,7
ASO,1958,26.61,0.28,8
SON,1958,26.53,0.3,9
OND,1958,26.6,0.36,10
NDJ,1958,26.82,0.56,11
DJF,1959,26.99,0.6,0
JFM,1959,27.27,0.64,1
FMA,1959,27.51,0.48,2
MAM,1959,27.75,0.39,3
AMJ,1959,27.73,0.24,4
MJJ,1959,27.29,0.02,5
JJA,1959,26.74,-0.19,6
JAS,1959,26.31,-0.23,7
ASO,1959,26.29,-0.04,8
SON,1959,26.34,0.11,9
OND,1959,26.47,0.23,10
NDJ,1959,26.4,0.14,11
DJF,1960,26.4,0.02,0
JFM,1960,26.65,0.03,1
FMA,1960,27.1,0.06,2
MAM,1960,27.52,0.17,3
AMJ,1960,27.53,0.04,4
MJJ,1960,27.27,0.0,5
JJA,1960,26.93,0.01,6
JAS,1960,26.69,0.15,7
ASO,1960,26.52,0.19,8
SON,1960,26.32,0.08,9
OND,1960,26.17,-0.07,10
NDJ,1960,26.16,-0.07,11
DJF,1961,26.34,0.0,0
JFM,1961,26.6,0.03,1
FMA,1961,26.98,0.01,2
MAM,1961,27.33,0.05,3
AMJ,1961,27.62,0.22,4
MJJ,1961,27.41,0.22,5
JJA,1961,26.94,0.08,6
JAS,1961,26.32,-0.2,7
ASO,1961,26.01,-0.32,8
SON,1961,26.02,-0.22,9
OND,1961,26.09,-0.11,10
NDJ,1961,26.14,-0.05,11
DJF,1962,26.16,-0.16,0
JFM,1962,26.4,-0.17,1
FMA,1962,26.83,-0.15,2
MAM,1962,27.09,-0.2,3
AMJ,1962,27.21,-0.19,4
MJJ,1962,27.06,-0.13,5
JJA,1962,26.85,0.0,6
JAS,1962,26.42,-0.1,7
ASO,1962,26.17,-0.16,8
SON,1962,25.98,-0.25,9
OND,1962,25.95,-0.25,10
NDJ,1962,25.87,-0.32,11
DJF,1963,25.98,-0.33,0
JFM,1963,26.4,-0.17,1
FMA,1963,26.99,0.01,2
MAM,1963,27.41,0.13,3
AMJ,1963,27.52,0.12,4
MJJ,1963,27.64,0.45,5
JJA,1963,27.61,0.76,6
JAS,1963,27.61,1.09,7
ASO,1963,27.42,1.09,8
SON,1963,27.37,1.13,9
OND,1963,27.39,1.19,10
NDJ,1963,27.33,1.13,11
DJF,1964,27.26,0.95,0
JFM,1964,27.09,0.52,1
FMA,1964,27.04,0.06,2
MAM,1964,26.93,-0.35,3
AMJ,1964,26.8,-0.6,4
MJJ,1964,26.53,-0.66,5
JJA,1964,26.19,-0.67,6
JAS,1964,25.82,-0.7,7
ASO,1964,25.6,-0.72,8
SON,1964,25.44,-0.8,9
OND,1964,25.41,-0.79,10
NDJ,1964,25.45,-0.75,11
DJF,1965,25.8,-0.51,0
JFM,1965,26.32,-0.25,1
FMA,1965,26.93,-0.04,2
MAM,1965,27.45,0.16,3
AMJ,1965,27.86,0.47,4
MJJ,1965,27.98,0.79,5
JJA,1965,27.95,1.1,6
JAS,1965,27.79,1.27,7
ASO,1965,27.87,1.55,8
SON,1965,27.93,1.7,9
OND,1965,28.02,1.82,10
NDJ,1965,27.83,1.6,11
DJF,1966,27.61,1.24,0
JFM,1966,27.6,0.95,1
FMA,1966,27.79,0.76,2
MAM,1966,27.77,0.43,3
AMJ,1966,27.68,0.24,4
MJJ,1966,27.44,0.18,5
JJA,1966,27.18,0.25,6
JAS,1966,26.73,0.13,7
ASO,1966,26.34,-0.09,8
SON,1966,26.27,-0.12,9
OND,1966,26.17,-0.23,10
NDJ,1966,26.02,-0.35,11
DJF,1967,25.97,-0.46,0
JFM,1967,26.18,-0.48,1
FMA,1967,26.53,-0.5,2
MAM,1967,26.97,-0.37,3
AMJ,1967,27.3,-0.15,4
MJJ,1967,27.31,0.05,5
JJA,1967,26.92,-0.02,6
JAS,1967,26.33,-0.26,7
ASO,1967,26.03,-0.4,8
SON,1967,25.99,-0.4,9
OND,1967,26.03,-0.36,10
NDJ,1967,25.95,-0.42,11
DJF,1968,25.81,-0.62,0
JFM,1968,25.92,-0.73,1
FMA,1968,26.41,-0.63,2
MAM,1968,26.85,-0.48,3
AMJ,1968,27.35,-0.1,4
MJJ,1968,27.43,0.17,5
JJA,1968,27.37,0.44,6
JAS,1968,26.97,0.38,7
ASO,1968,26.78,0.34,8
SON,1968,26.9,0.5,9
OND,1968,27.06,0.66,10
NDJ,1968,27.3,0.93,11
DJF,1969,27.42,0.98,0
JFM,1969,27.63,0.98,1
FMA,1969,27.8,0.77,2
MAM,1969,28.02,0.69,3
AMJ,1969,28.06,0.62,4
MJJ,1969,27.74,0.48,5
JJA,1969,27.3,0.37,6
JAS,1969,27.0,0.41,7
ASO,1969,27.04,0.61,8
SON,1969,27.11,0.71,9
OND,1969,27.21,0.81,10
NDJ,1969,27.08,0.71,11
DJF,1970,26.89,0.46,0
JFM,1970,26.89,0.23,1
FMA,1970,27.27,0.23,2
MAM,1970,27.61,0.28,3
AMJ,1970,27.56,0.11,4
MJJ,1970,27.0,-0.26,5
JJA,1970,26.38,-0.55,6
JAS,1970,25.88,-0.72,7
ASO,1970,25.74,-0.69,8
SON,1970,25.67,-0.72,9
OND,1970,25.61,-0.78,10
NDJ,1970,25.29,-1.1,11
DJF,1971,25.17,-1.29,0
JFM,1971,25.34,-1.36,1
FMA,1971,25.97,-1.08,2
MAM,1971,26.55,-0.81,3
AMJ,1971,26.76,-0.72,4
MJJ,1971,26.62,-0.69,5
JJA,1971,26.3,-0.68,6
JAS,1971,26.05,-0.6,7
ASO,1971,25.81,-0.68,8
SON,1971,25.68,-0.78,9
OND,1971,25.59,-0.86,10
NDJ,1971,25.65,-0.78,11
DJF,1972,25.92,-0.57,0
JFM,1972,26.42,-0.27,1
FMA,1972,27.09,0.04,2
MAM,1972,27.61,0.25,3
AMJ,1972,27.96,0.48,4
MJJ,1972,28.0,0.7,5
JJA,1972,27.98,1.0,6
JAS,1972,27.91,1.26,7
ASO,1972,27.98,1.49,8
SON,1972,28.14,1.69,9
OND,1972,28.3,1.84,10
NDJ,1972,28.2,1.77,11
DJF,1973,28.03,1.55,0
JFM,1973,27.82,1.13,1
FMA,1973,27.61,0.56,2
MAM,1973,27.33,-0.03,3
AMJ,1973,26.97,-0.51,4
MJJ,1973,26.51,-0.8,5
JJA,1973,25.99,-0.99,6
JAS,1973,25.54,-1.11,7
ASO,1973,25.23,-1.26,8
SON,1973,24.87,-1.58,9
OND,1973,24.57,-1.89,10
NDJ,1973,24.39,-2.04,11
DJF,1974,24.61,-1.87,0
JFM,1974,25.1,-1.59,1
FMA,1974,25.82,-1.24,2
MAM,1974,26.37,-0.99,3
AMJ,1974,26.77,-0.71,4
MJJ,1974,26.67,-0.64,5
JJA,1974,26.52,-0.46,6
JAS,1974,26.25,-0.4,7
ASO,1974,26.02,-0.47,8
SON,1974,25.76,-0.69,9
OND,1974,25.57,-0.88,10
NDJ,1974,25.72,-0.71,11
DJF,1975,25.92,-0.56,0
JFM,1975,26.15,-0.55,1
FMA,1975,26.44,-0.61,2
MAM,1975,26.7,-0.66,3
AMJ,1975,26.68,-0.8,4
MJJ,1975,26.39,-0.92,5
JJA,1975,25.9,-1.08,6
JAS,1975,25.54,-1.12,7
ASO,1975,25.2,-1.29,8
SON,1975,25.14,-1.32,9
OND,1975,24.98,-1.47,10
NDJ,1975,24.84,-1.58,11
DJF,1976,24.98,-1.49,0
JFM,1976,25.55,-1.11,1
FMA,1976,26.37,-0.65,2
MAM,1976,26.87,-0.45,3
AMJ,1976,27.21,-0.23,4
MJJ,1976,27.28,0.0,5
JJA,1976,27.21,0.23,6
JAS,1976,27.09,0.4,7
ASO,1976,27.13,0.6,8
SON,1976,27.28,0.79,9
OND,1976,27.28,0.81,10
NDJ,1976,27.28,0.84,11
DJF,1977,27.19,0.71,0
JFM,1977,27.33,0.66,1
FMA,1977,27.35,0.33,2
MAM,1977,27.58,0.26,3
AMJ,1977,27.7,0.26,4
MJJ,1977,27.75,0.46,5
JJA,1977,27.37,0.39,6
JAS,1977,27.04,0.35,7
ASO,1977,26.97,0.45,8
SON,1977,27.17,0.68,9
OND,1977,27.31,0.84,10
NDJ,1977,27.25,0.82,11
DJF,1978,27.18,0.71,0
JFM,1978,27.19,0.52,1
FMA,1978,27.19,0.17,2
MAM,1978,27.26,-0.06,3
AMJ,1978,27.17,-0.28,4
MJJ,1978,27.05,-0.24,5
JJA,1978,26.61,-0.37,6
JAS,1978,26.32,-0.37,7
ASO,1978,26.08,-0.44,8
SON,1978,26.22,-0.27,9
OND,1978,26.4,-0.07,10
NDJ,1978,26.54,0.11,11
DJF,1979,26.67,0.19,0
JFM,1979,26.88,0.21,1
FMA,1979,27.31,0.29,2
MAM,1979,27.64,0.32,3
AMJ,1979,27.73,0.29,4
MJJ,1979,27.43,0.14,5
JJA,1979,27.07,0.09,6
JAS,1979,26.91,0.22,7
ASO,1979,26.86,0.34,8
SON,1979,26.96,0.47,9
OND,1979,26.97,0.5,10
NDJ,1979,27.07,0.64,11
DJF,1980,27.09,0.62,0
JFM,1980,27.14,0.47,1
FMA,1980,27.37,0.35,2
MAM,1980,27.67,0.34,3
AMJ,1980,27.9,0.45,4
MJJ,1980,27.68,0.4,5
JJA,1980,27.16,0.18,6
JAS,1980,26.62,-0.06,7
ASO,1980,26.36,-0.17,8
SON,1980,26.42,-0.07,9
OND,1980,26.55,0.08,10
NDJ,1980,26.44,-0.05,11
DJF,1981,26.31,-0.27,0
JFM,1981,26.4,-0.42,1
FMA,1981,26.76,-0.41,2
MAM,1981,27.21,-0.27,3
AMJ,1981,27.3,-0.28,4
MJJ,1981,27.12,-0.27,5
JJA,1981,26.77,-0.28,6
JAS,1981,26.51,-0.23,7
ASO,1981,26.49,-0.08,8
SON,1981,26.38,-0.16,9
OND,1981,26.34,-0.19,10
NDJ,1981,26.4,-0.14,11
DJF,1982,26.55,-0.05,0
JFM,1982,26.83,0.02,1
FMA,1982,27.23,0.07,2
MAM,1982,27.82,0.34,3
AMJ,1982,28.23,0.65,4
MJJ,1982,28.12,0.73,5
JJA,1982,27.82,0.78,6
JAS,1982,27.72,0.99,7
ASO,1982,28.02,1.45,8
SON,1982,28.36,1.82,9
OND,1982,28.56,2.03,10
NDJ,1982,28.66,2.12,11
DJF,1983,28.74,2.14,0
JFM,1983,28.73,1.91,1
FMA,1983,28.69,1.52,2
MAM,1983,28.7,1.23,3
AMJ,1983,28.53,0.95,4
MJJ,1983,28.01,0.62,5
JJA,1983,27.29,0.25,6
JAS,1983,26.67,-0.06,7
ASO,1983,26.14,-0.43,8
SON,1983,25.78,-0.76,9
OND,1983,25.56,-0.96,10
NDJ,1983,25.65,-0.89,11
DJF,1984,25.97,-0.63,0
JFM,1984,26.3,-0.51,1
FMA,1984,26.78,-0.38,2
MAM,1984,27.0,-0.47,3
AMJ,1984,27.04,-0.55,4
MJJ,1984,26.87,-0.52,5
JJA,1984,26.65,-0.39,6
JAS,1984,26.51,-0.22,7
ASO,1984,26.25,-0.32,8
SON,1984,25.92,-0.62,9
OND,1984,25.57,-0.95,10
NDJ,1984,25.48,-1.06,11
DJF,1985,25.59,-1.01,0
JFM,1985,25.95,-0.86,1
FMA,1985,26.31,-0.85,2
MAM,1985,26.67,-0.8,3
AMJ,1985,26.8,-0.79,4
MJJ,1985,26.79,-0.6,5
JJA,1985,26.6,-0.44,6
JAS,1985,26.41,-0.33,7
ASO,1985,26.26,-0.31,8
SON,1985,26.24,-0.3,9
OND,1985,26.25,-0.28,10
NDJ,1985,26.15,-0.36,11
DJF,1986,26.15,-0.4,0
JFM,1986,26.38,-0.38,1
FMA,1986,26.89,-0.25,2
MAM,1986,27.31,-0.17,3
AMJ,1986,27.5,-0.09,4
MJJ,1986,27.42,0.02,5
JJA,1986,27.29,0.24,6
JAS,1986,27.22,0.46,7
ASO,1986,27.24,0.64,8
SON,1986,27.42,0.86,9
OND,1986,27.57,1.06,10
NDJ,1986,27.69,1.21,11
DJF,1987,27.72,1.18,0
JFM,1987,27.89,1.13,1
FMA,1987,28.16,1.02,2
MAM,1987,28.42,0.94,3
AMJ,1987,28.53,0.95,4
MJJ,1987,28.51,1.11,5
JJA,1987,28.35,1.3,6
JAS,1987,28.23,1.46,7
ASO,1987,28.1,1.49,8
SON,1987,27.97,1.41,9
OND,1987,27.72,1.2,10
NDJ,1987,27.49,1.0,11
DJF,1988,27.17,0.63,0
JFM,1988,27.13,0.37,1
FMA,1988,27.11,-0.03,2
MAM,1988,27.03,-0.45,3
AMJ,1988,26.6,-0.99,4
MJJ,1988,26.09,-1.3,5
JJA,1988,25.75,-1.3,6
JAS,1988,25.63,-1.14,7
ASO,1988,25.34,-1.27,8
SON,1988,25.01,-1.54,9
OND,1988,24.7,-1.81,10
NDJ,1988,24.64,-1.85,11
DJF,1989,24.91,-1.64,0
JFM,1989,25.39,-1.38,1
FMA,1989,26.05,-1.09,2
MAM,1989,26.63,-0.85,3
AMJ,1989,26.98,-0.61,4
MJJ,1989,27.0,-0.4,5
JJA,1989,26.68,-0.37,6
JAS,1989,26.41,-0.36,7
ASO,1989,26.28,-0.33,8
SON,1989,26.31,-0.25,9
OND,1989,26.39,-0.12,10
NDJ,1989,26.45,-0.04,11
DJF,1990,26.73,0.18,0
JFM,1990,26.95,0.19,1
FMA,1990,27.44,0.3,2
MAM,1990,27.75,0.27,3
AMJ,1990,27.84,0.25,4
MJJ,1990,27.65,0.25,5
JJA,1990,27.31,0.26,6
JAS,1990,27.08,0.32,7
ASO,1990,26.92,0.31,8
SON,1990,26.83,0.27,9
OND,1990,26.82,0.31,10
NDJ,1990,26.88,0.34,11
DJF,1991,26.99,0.35,0
JFM,1991,27.16,0.26,1
FMA,1991,27.5,0.23,2
MAM,1991,27.9,0.29,3
AMJ,1991,28.21,0.49,4
MJJ,1991,28.18,0.63,5
JJA,1991,27.97,0.77,6
JAS,1991,27.6,0.67,7
ASO,1991,27.49,0.72,8
SON,1991,27.57,0.83,9
OND,1991,27.89,1.18,10
NDJ,1991,28.09,1.43,11
DJF,1992,28.24,1.54,0
JFM,1992,28.4,1.5,1
FMA,1992,28.67,1.4,2
MAM,1992,28.91,1.3,3
AMJ,1992,28.8,1.08,4
MJJ,1992,28.27,0.72,5
JJA,1992,27.55,0.35,6
JAS,1992,27.0,0.08,7
ASO,1992,26.63,-0.15,8
SON,1992,26.52,-0.22,9
OND,1992,26.47,-0.24,10
NDJ,1992,26.62,-0.05,11
DJF,1993,26.82,0.13,0
JFM,1993,27.21,0.31,1
FMA,1993,27.76,0.5,2
MAM,1993,28.34,0.73,3
AMJ,1993,28.48,0.76,4
MJJ,1993,28.11,0.56,5
JJA,1993,27.48,0.28,6
JAS,1993,27.14,0.22,7
ASO,1993,26.98,0.2,8
SON,1993,26.95,0.2,9
OND,1993,26.9,0.2,10
NDJ,1993,26.85,0.19,11
DJF,1994,26.77,0.07,0
JFM,1994,26.9,0.0,1
FMA,1994,27.31,0.04,2
MAM,1994,27.78,0.17,3
AMJ,1994,27.97,0.25,4
MJJ,1994,27.78,0.23,5
JJA,1994,27.51,0.3,6
JAS,1994,27.22,0.3,7
ASO,1994,27.25,0.47,8
SON,1994,27.4,0.66,9
OND,1994,27.64,0.93,10
NDJ,1994,27.64,0.97,11
DJF,1995,27.58,0.88,0
JFM,1995,27.56,0.65,1
FMA,1995,27.73,0.46,2
MAM,1995,27.8,0.19,3
AMJ,1995,27.75,0.03,4
MJJ,1995,27.43,-0.11,5
JJA,1995,26.91,-0.3,6
JAS,1995,26.38,-0.55,7
ASO,1995,25.97,-0.81,8
SON,1995,25.78,-0.97,9
OND,1995,25.66,-1.05,10
NDJ,1995,25.64,-1.01,11
DJF,1996,25.78,-0.88,0
JFM,1996,26.15,-0.7,1
FMA,1996,26.72,-0.52,2
MAM,1996,27.25,-0.36,3
AMJ,1996,27.48,-0.25,4
MJJ,1996,27.3,-0.24,5
JJA,1996,26.99,-0.22,6
JAS,1996,26.65,-0.27,7
ASO,1996,26.45,-0.3,8
SON,1996,26.35,-0.33,9
OND,1996,26.24,-0.39,10
NDJ,1996,26.18,-0.41,11
DJF,1997,26.23,-0.41,0
JFM,1997,26.59,-0.26,1
FMA,1997,27.21,-0.03,2
MAM,1997,27.9,0.3,3
AMJ,1997,28.44,0.71,4
MJJ,1997,28.67,1.13,5
JJA,1997,28.69,1.48,6
JAS,1997,28.7,1.79,7
ASO,1997,28.78,2.04,8
SON,1997,28.92,2.24,9
OND,1997,28.97,2.34,10
NDJ,1997,28.96,2.37,11
DJF,1998,28.85,2.22,0
JFM,1998,28.76,1.91,1
FMA,1998,28.64,1.4,2
MAM,1998,28.63,1.03,3
AMJ,1998,28.13,0.4,4
MJJ,1998,27.46,-0.08,5
JJA,1998,26.57,-0.63,6
JAS,1998,26.08,-0.83,7
ASO,1998,25.73,-1.02,8
SON,1998,25.56,-1.12,9
OND,1998,25.32,-1.31,10
NDJ,1998,25.12,-1.47,11
DJF,1999,25.12,-1.51,0
JFM,1999,25.6,-1.25,1
FMA,1999,26.31,-0.93,2
MAM,1999,26.8,-0.8,3
AMJ,1999,26.94,-0.79,4
MJJ,1999,26.7,-0.84,5
JJA,1999,26.3,-0.9,6
JAS,1999,25.97,-0.94,7
ASO,1999,25.75,-1.0,8
SON,1999,25.55,-1.13,9
OND,1999,25.27,-1.35,10
NDJ,1999,25.06,-1.53,11
DJF,2000,25.17,-1.47,0
JFM,2000,25.59,-1.26,1
FMA,2000,26.26,-0.98,2
MAM,2000,26.79,-0.81,3
AMJ,2000,27.06,-0.67,4
MJJ,2000,26.92,-0.62,5
JJA,2000,26.73,-0.48,6
JAS,2000,26.52,-0.4,7
ASO,2000,26.33,-0.42,8
SON,2000,26.14,-0.54,9
OND,2000,25.87,-0.76,10
NDJ,2000,25.78,-0.78,11
DJF,2001,25.82,-0.76,0
JFM,2001,26.25,-0.54,1
FMA,2001,26.79,-0.43,2
MAM,2001,27.34,-0.29,3
AMJ,2001,27.59,-0.19,4
MJJ,2001,27.53,-0.08,5
JJA,2001,27.24,-0.05,6
JAS,2001,26.86,-0.13,7
ASO,2001,26.67,-0.15,8
SON,2001,26.52,-0.26,9
OND,2001,26.4,-0.33,10
NDJ,2001,26.32,-0.32,11
DJF,2002,26.46,-0.15,0
JFM,2002,26.86,0.07,1
FMA,2002,27.34,0.11,2
MAM,2002,27.78,0.15,3
AMJ,2002,28.08,0.3,4
MJJ,2002,28.05,0.45,5
JJA,2002,27.85,0.57,6
JAS,2002,27.62,0.63,7
ASO,2002,27.6,0.78,8
SON,2002,27.77,0.99,9
OND,2002,27.92,1.19,10
NDJ,2002,27.72,1.08,11
DJF,2003,27.51,0.9,0
JFM,2003,27.39,0.59,1
FMA,2003,27.61,0.38,2
MAM,2003,27.62,-0.01,3
AMJ,2003,27.6,-0.18,4
MJJ,2003,27.47,-0.13,5
JJA,2003,27.38,0.09,6
JAS,2003,27.13,0.14,7
ASO,2003,27.05,0.23,8
SON,2003,27.0,0.23,9
OND,2003,27.02,0.29,10
NDJ,2003,26.93,0.29,11
DJF,2004,26.95,0.34,0
JFM,2004,27.06,0.27,1
FMA,2004,27.41,0.19,2
MAM,2004,27.72,0.1,3
AMJ,2004,27.9,0.12,4
MJJ,2004,27.83,0.22,5
JJA,2004,27.67,0.39,6
JAS,2004,27.53,0.54,7
ASO,2004,27.4,0.58,8
SON,2004,27.38,0.61,9
OND,2004,27.37,0.64,10
NDJ,2004,27.34,0.71,11
DJF,2005,27.23,0.62,0
JFM,2005,27.35,0.55,1
FMA,2005,27.62,0.4,2
MAM,2005,27.99,0.37,3
AMJ,2005,28.05,0.27,4
MJJ,2005,27.7,0.09,5
JJA,2005,27.24,-0.04,6
JAS,2005,26.85,-0.14,7
ASO,2005,26.71,-0.11,8
SON,2005,26.5,-0.27,9
OND,2005,26.16,-0.57,10
NDJ,2005,25.86,-0.82,11
DJF,2006,25.83,-0.86,0
JFM,2006,26.11,-0.8,1
FMA,2006,26.71,-0.63,2
MAM,2006,27.28,-0.45,3
AMJ,2006,27.69,-0.19,4
MJJ,2006,27.63,-0.05,5
JJA,2006,27.45,0.12,6
JAS,2006,27.32,0.33,7
ASO,2006,27.34,0.54,8
SON,2006,27.47,0.71,9
OND,2006,27.6,0.88,10
NDJ,2006,27.55,0.88,11
DJF,2007,27.3,0.62,0
JFM,2007,27.1,0.19,1
FMA,2007,27.22,-0.12,2
MAM,2007,27.41,-0.32,3
AMJ,2007,27.54,-0.34,4
MJJ,2007,27.27,-0.41,5
JJA,2007,26.84,-0.49,6
JAS,2007,26.22,-0.77,7
ASO,2007,25.75,-1.05,8
SON,2007,25.38,-1.38,9
OND,2007,25.15,-1.57,10
NDJ,2007,24.95,-1.72,11
DJF,2008,24.92,-1.76,0
JFM,2008,25.29,-1.61,1
FMA,2008,25.97,-1.37,2
MAM,2008,26.69,-1.05,3
AMJ,2008,27.03,-0.85,4
MJJ,2008,27.13,-0.56,5
JJA,2008,26.99,-0.33,6
JAS,2008,26.78,-0.2,7
ASO,2008,26.55,-0.25,8
SON,2008,26.4,-0.36,9
OND,2008,26.15,-0.57,10
NDJ,2008,25.87,-0.79,11
DJF,2009,25.79,-0.89,0
JFM,2009,26.07,-0.84,1
FMA,2009,26.71,-0.63,2
MAM,2009,27.38,-0.35,3
AMJ,2009,27.91,0.03,4
MJJ,2009,28.03,0.34,5
JJA,2009,27.82,0.5,6
JAS,2009,27.55,0.56,7
ASO,2009,27.46,0.66,8
SON,2009,27.68,0.92,9
OND,2009,28.02,1.31,10
NDJ,2009,28.16,1.5,11
DJF,2010,28.15,1.47,0
JFM,2010,28.11,1.21,1
FMA,2010,28.22,0.88,2
MAM,2010,28.11,0.38,3
AMJ,2010,27.72,-0.16,4
MJJ,2010,27.03,-0.66,5
JJA,2010,26.34,-0.98,6
JAS,2010,25.74,-1.24,7
ASO,2010,25.37,-1.43,8
SON,2010,25.21,-1.54,9
OND,2010,25.14,-1.57,10
NDJ,2010,25.14,-1.48,11
DJF,2011,25.28,-1.29,0
JFM,2011,25.72,-1.06,1
FMA,2011,26.37,-0.85,2
MAM,2011,26.95,-0.68,3
AMJ,2011,27.29,-0.5,4
MJJ,2011,27.29,-0.34,5
JJA,2011,26.92,-0.37,6
JAS,2011,26.45,-0.5,7
ASO,2011,26.0,-0.76,8
SON,2011,25.77,-0.94,9
OND,2011,25.63,-1.02,10
NDJ,2011,25.64,-0.92,11
DJF,2012,25.84,-0.71,0
JFM,2012,26.22,-0.56,1
FMA,2012,26.79,-0.44,2
MAM,2012,27.29,-0.35,3
AMJ,2012,27.62,-0.18,4
MJJ,2012,27.66,0.03,5
JJA,2012,27.57,0.28,6
JAS,2012,27.35,0.39,7
ASO,2012,27.13,0.37,8
SON,2012,26.99,0.28,9
OND,2012,26.78,0.13,10
NDJ,2012,26.53,-0.03,11
DJF,2013,26.3,-0.24,0
JFM,2013,26.5,-0.28,1
FMA,2013,27.0,-0.23,2
MAM,2013,27.43,-0.2,3
AMJ,2013,27.49,-0.3,4
MJJ,2013,27.24,-0.38,5
JJA,2013,26.84,-0.45,6
JAS,2013,26.61,-0.34,7
ASO,2013,26.45,-0.32,8
SON,2013,26.57,-0.14,9
OND,2013,26.53,-0.12,10
NDJ,2013,26.45,-0.11,11
DJF,2014,26.31,-0.24,0
JFM,2014,26.57,-0.21,1
FMA,2014,27.21,-0.02,2
MAM,2014,27.88,0.25,3
AMJ,2014,28.14,0.35,4
MJJ,2014,27.84,0.22,5
JJA,2014,27.36,0.07,6
JAS,2014,27.03,0.07,7
ASO,2014,27.0,0.24,8
SON,2014,27.22,0.51,9
OND,2014,27.35,0.7,10
NDJ,2014,27.36,0.8,11
DJF,2015,27.28,0.73,0
JFM,2015,27.43,0.65,1
FMA,2015,27.95,0.72,2
MAM,2015,28.49,0.86,3
AMJ,2015,28.83,1.04,4
MJJ,2015,28.82,1.19,5
JJA,2015,28.73,1.44,6
JAS,2015,28.69,1.73,7
ASO,2015,28.79,2.02,8
SON,2015,28.99,2.28,9
OND,2015,29.1,2.45,10
NDJ,2015,29.15,2.59,11
DJF,2016,29.05,2.5,0
JFM,2016,28.99,2.21,1
FMA,2016,28.92,1.69,2
MAM,2016,28.74,1.11,3
AMJ,2016,28.37,0.57,4
MJJ,2016,27.72,0.09,5
JJA,2016,27.1,-0.19,6
JAS,2016,26.62,-0.34,7
ASO,2016,26.34,-0.42,8
SON,2016,26.2,-0.51,9
OND,2016,26.16,-0.49,10
NDJ,2016,26.19,-0.37,11
DJF,2017,26.47,-0.08,0
JFM,2017,26.86,0.08,1
FMA,2017,27.5,0.27,2
MAM,2017,27.95,0.32,3
AMJ,2017,28.15,0.35,4
MJJ,2017,27.94,0.32,5
JJA,2017,27.43,0.14,6
JAS,2017,26.89,-0.07,7
ASO,2017,26.54,-0.23,8
SON,2017,26.27,-0.44,9
OND,2017,26.04,-0.61,10
NDJ,2017,25.8,-0.76,11
DJF,2018,25.83,-0.71,0
JFM,2018,26.11,-0.67,1
FMA,2018,26.68,-0.55,2
MAM,2018,27.28,-0.35,3
AMJ,2018,27.72,-0.07,4
MJJ,2018,27.76,0.13,5
JJA,2018,27.49,0.2,6
JAS,2018,27.25,0.3,7
ASO,2018,27.28,0.52,8
SON,2018,27.53,0.82,9
OND,2018,27.69,1.04,10
NDJ,2018,27.61,1.05,11
DJF,2019,27.54,0.99,0
JFM,2019,27.72,0.94,1
FMA,2019,28.1,0.87,2
MAM,2019,28.45,0.82,3
AMJ,2019,28.5,0.71,4
MJJ,2019,28.21,0.59,5
JJA,2019,27.67,0.38,6
JAS,2019,27.16,0.2,7
ASO,2019,27.07,0.31,8
SON,2019,27.22,0.51,9
OND,2019,27.37,0.72,10
NDJ,2019,27.31,0.75,11
DJF,2020,27.25,0.71,0
JFM,2020,27.44,0.66,1
FMA,2020,27.8,0.57,2
MAM,2020,27.97,0.33,3
AMJ,2020,27.83,0.04,4
MJJ,2020,27.45,-0.18,5
JJA,2020,27.0,-0.29,6
JAS,2020,26.52,-0.43,7
ASO,2020,25.99,-0.77,8
SON,2020,25.71,-1.0,9
OND,2020,25.54,-1.11,10
NDJ,2020,25.5,-1.06,11
DJF,2021,25.55,-0.99,0
JFM,2021,25.92,-0.85,1
FMA,2021,26.48,-0.74,2
MAM,2021,27.07,-0.56,3
AMJ,2021,27.39,-0.4,4
MJJ,2021,27.31,-0.31,5
JJA,2021,26.95,-0.35,6
JAS,2021,26.49,-0.46,7
ASO,2021,26.13,-0.64,8
SON,2021,25.94,-0.77,9
OND,2021,25.74,-0.91,10
NDJ,2021,25.73,-0.83,11
DJF,2022,25.79,-0.76,0
JFM,2022,26.09,-0.68,1
FMA,2022,26.46,-0.77,2
MAM,2022,26.77,-0.86,3
AMJ,2022,26.96,-0.83,4
MJJ,2022,26.9,-0.73,5
JJA,2022,26.59,-0.7,6
JAS,2022,26.18,-0.78,7
ASO,2022,25.89,-0.87,8
SON,2022,25.82,-0.89,9
OND,2022,25.83,-0.82,10
NDJ,2022,25.86,-0.7,11
DJF,2023,26.0,-0.55,0
JFM,2023,26.45,-0.33,1
FMA,2023,27.12,-0.11,2
MAM,2023,27.82,0.19,3
AMJ,2023,28.25,0.46,4
MJJ,2023,28.36,0.73,5
JJA,2023,28.29,1.0,6
JAS,2023,28.21,1.25,7
ASO,2023,28.26,1.5,8
SON,2023,28.45,1.74,9
OND,2023,28.55,1.9,10
NDJ,2023,28.55,1.99,11
DJF,2024,28.38,1.84,0
JFM,2024,28.3,1.53,1
FMA,2024,28.4,1.18,2
MAM,2024,28.4,0.77,3
AMJ,2024,28.23,0.43,4
MJJ,2024,27.8,0.18,5
JJA,2024,27.35,0.06,6
JAS,2024,26.92,-0.04,7
ASO,2024,26.64,-0.12,8
SON,2024,26.52,-0.19,9
OND,2024,26.35,-0.29,10
NDJ,2024,26.13,-0.43,11
DJF,2025,26.09,-0.46,0
JFM,2025,26.56,-0.22,1
FMA,2025,27.15,-0.08,2
MAM,2025,27.65,0.02,3
AMJ,2025,27.76,-0.04,4
MJJ,2025,27.61,-0.02,5
JJA,2025,27.18,-0.11,6
JAS,2025,26.7,-0.26,7
ASO,2025,26.33,-0.43,8
SON,2025,26.14,-0.57,9
OND,2025,26.04,-0.61,10
NDJ,2025,25.96,-0.6,11
DJF,2026,26.15,-0.39,0
JFM,2026,26.57,-0.21,1
FMA,2026,27.34,0.11,2
MAM,2026,28.09,0.46,3
AMJ,2026,28.74,0.95,4
MJJ,2026,29.02,1.39,5
JJA,2026,29.09,1.8,6
